product name,entries count,fiability rate
adobe experience manager,224,1.0
freescout,24,1.0
harmonyos,20,1.0
linux,16,1.0
gim,13,1.0
scalance lpe9403,12,1.0
sick field analytics,12,1.0
sel blueframe os,11,1.0
v-sft,11,1.0
xwiki-platform,11,1.0
dm corporative cms,9,1.0
sick media server,8,1.0
vllm,8,1.0
goldendb,7,1.0
ipn4gii / bullet-lte firmware,7,1.0
microsoft office 2019,7,1.0
service,7,1.0
teamcity,7,1.0
yeswiki,7,1.0
typo3,6,1.0
bookgy,5,1.0
cph2 / cpp2 charging stations,5,1.0
dataease,5,1.0
enterprise mfa - tfa for drupal,5,1.0
hrd human resource management system,5,1.0
issues,5,1.0
mapsvg,5,1.0
mediawiki-skins-citizen,5,1.0
microsoft sharepoint enterprise server 2016,5,1.0
pspp,5,1.0
security-advisories,5,1.0
automate vx,4,1.0
cncsoft,4,1.0
cryptolib,4,1.0
discourse,4,1.0
emlog,4,1.0
microsoft 365 apps for enterprise,4,1.0
orchestrator,4,1.0
sandboxie,4,1.0
sel-5056 software-defined network flow controller,4,1.0
spreadsheet price changer for woocommerce and wp e-commerce – light,4,1.0
thehive,4,1.0
acronis cyber protect 16,3,1.0
backendai,3,1.0
checkmate,3,1.0
cookies consent management,3,1.0
deno,3,1.0
dnn.platform,3,1.0
eventon,3,1.0
fable extra,3,1.0
groupoffice,3,1.0
icewarp mail server,3,1.0
indesign desktop,3,1.0
langroid,3,1.0
multer,3,1.0
netfax server,3,1.0
ns backup extension,3,1.0
one time password,3,1.0
pmb,3,1.0
red hat enterprise linux 10,3,1.0
red hat enterprise linux 6,3,1.0
ruggedcom rst2428p,3,1.0
schule,3,1.0
ultimate wp mail,3,1.0
uni-nms-lite,3,1.0
vip1113,3,1.0
wp job portal,3,1.0
abantecart,2,1.0
acrobat reader,2,1.0
ads pro plugin,2,1.0
apache cloudstack,2,1.0
appointment booking calendar,2,1.0
archiving backend,2,1.0
asterisk,2,1.0
atheos,2,1.0
auth0-php,2,1.0
bold page builder,2,1.0
brw,2,1.0
cms,2,1.0
codimd,2,1.0
containerd,2,1.0
crawlomatic multisite scraper post generator,2,1.0
crossword compiler puzzles,2,1.0
cryptx,2,1.0
customer support system,2,1.0
dofollow case by case,2,1.0
element pack pro,2,1.0
event post,2,1.0
eventin,2,1.0
firefox,2,1.0
fortios,2,1.0
freshrss,2,1.0
frontend dashboard,2,1.0
gamipress,2,1.0
gardener,2,1.0
ghostscript,2,1.0
gokapi,2,1.0
graphina,2,1.0
gs testimonial slider,2,1.0
hospital management system,2,1.0
jenkins cadence vmanager plugin,2,1.0
libavif,2,1.0
libsnowflakeclient,2,1.0
majestic support,2,1.0
misskey,2,1.0
mobile-security-framework-mobsf,2,1.0
modsecurity,2,1.0
multivendorx,2,1.0
mybb,2,1.0
nautobot,2,1.0
navidrome,2,1.0
nextjs-auth0,2,1.0
occupancyplan,2,1.0
octoprint,2,1.0
open-webui,2,1.0
openfga,2,1.0
para,2,1.0
passport-wsfed-saml2,2,1.0
phoenixcart,2,1.0
printcart web to print product designer for woocommerce,2,1.0
profilegrid,2,1.0
quick node block,2,1.0
quickjs,2,1.0
rack,2,1.0
real time validation for gravity forms,2,1.0
recover abandoned cart for woocommerce,2,1.0
ricoh streamline nx v3 pc client,2,1.0
rs wp book showcase,2,1.0
school management,2,1.0
section widget,2,1.0
secure access,2,1.0
signxml,2,1.0
simple calendar for elementor,2,1.0
simple klaro,2,1.0
sr feuser register extension,2,1.0
sslh,2,1.0
store locator wordpress,2,1.0
stornext,2,1.0
sudo-rs,2,1.0
team showcase,2,1.0
tinysalt,2,1.0
ultimate blocks,2,1.0
umbraco-cms,2,1.0
vbulletin,2,1.0
verge3d,2,1.0
ververica platform,2,1.0
visual composer website builder,2,1.0
vyper,2,1.0
wgs-804hpt-v2,2,1.0
windows 10 version 1809,2,1.0
wire-webapp,2,1.0
woobox,2,1.0
wp customize login page,2,1.0
wp pipes,2,1.0
wp-crm system,2,1.0
wpadverts,2,1.0
youtrack,2,1.0
zitadel,2,1.0
zoom workplace apps,2,1.0
360 view,1,1.0
404 page by seedprod,1,1.0
5ire,1,1.0
6storage rentals,1,1.0
abbie expander,1,1.0
able player,1,1.0
ablocks,1,1.0
accept donations with paypal,1,1.0
acronis cyber protect cloud agent,1,1.0
active products tables for woocommerce,1,1.0
actualizer,1,1.0
additional custom emails &amp; recipients for woocommerce,1,1.0
admin audit trail,1,1.0
admin notes,1,1.0
adobe commerce,1,1.0
adodb,1,1.0
advanced file manager,1,1.0
advanced lazy load,1,1.0
advanced linked variations for woocommerce,1,1.0
aerc,1,1.0
affiliate-toolkit,1,1.0
affiliates manager google recaptcha integration,1,1.0
ajar in5 embed,1,1.0
ajax load more,1,1.0
all in one time clock lite,1,1.0
amazon product in a post,1,1.0
animate,1,1.0
anode,1,1.0
"anti-spam, spam protection, recaptcha for all forms and gdpr-compliant",1,1.0
apache commons beanutils 1.x,1,1.0
apache commons configuration,1,1.0
apache nuttx rtos,1,1.0
apache orc,1,1.0
apache parquet java,1,1.0
apache pekko management,1,1.0
apache superset,1,1.0
apache tomcat,1,1.0
apogee pxc+talon tc series (bacnet),1,1.0
application-urlshortener,1,1.0
aptivada for wp,1,1.0
archiver,1,1.0
arconix shortcodes,1,1.0
argo-cd,1,1.0
astrbot,1,1.0
atelier create cv,1,1.0
audio editor & recorder,1,1.0
audiobookshelf,1,1.0
auth-js,1,1.0
auth0-account-link-extension,1,1.0
author box after posts,1,1.0
automatorwp,1,1.0
availability calendar,1,1.0
awcode toolkit,1,1.0
aweos wp lock,1,1.0
awesome gallery,1,1.0
awesome wp image gallery,1,1.0
awin – advertiser tracking for woocommerce,1,1.0
b2i investor tools,1,1.0
back button widget,1,1.0
backup and staging by wp time capsule,1,1.0
bacnet atec 550-440,1,1.0
bacon ipsum,1,1.0
bagisto,1,1.0
bbcode deluxe,1,1.0
beacon lead magnets and lead capture,1,1.0
beaf,1,1.0
beds24 online booking,1,1.0
beerxml shortcode,1,1.0
belingogeo,1,1.0
bellows accordion menu,1,1.0
bertha ai,1,1.0
better search,1,1.0
big-ip,1,1.0
billboard.js,1,1.0
bimber - viral magazine wordpress theme,1,1.0
binary mlm plan,1,1.0
bind 9,1,1.0
blockspare,1,1.0
blocksy,1,1.0
blog manager wp,1,1.0
blogbyte,1,1.0
blogmine,1,1.0
blogprise,1,1.0
blogty,1,1.0
blogvy,1,1.0
bmi adult & kid calculator,1,1.0
bns twitter follow button,1,1.0
bookable calendar,1,1.0
booking and rental manager,1,1.0
bot for telegram on woocommerce,1,1.0
bp profile as homepage,1,1.0
"broadcast live video – live streaming : webrtc, hls, rtsp, rtmp",1,1.0
broadstreet,1,1.0
browser-use,1,1.0
bson::xs,1,1.0
bulk assign linked products for woocommerce,1,1.0
bulk featured image,1,1.0
bullfrog,1,1.0
bunny.net,1,1.0
business contact widget,1,1.0
busybox,1,1.0
caido,1,1.0
calculate prices based on distance for woocommerce,1,1.0
calculated fields form,1,1.0
call now pht blog,1,1.0
cap-collectif,1,1.0
carousel-of-post-images,1,1.0
cart tracking for woocommerce,1,1.0
category widget,1,1.0
cbx map for google map & openstreetmap,1,1.0
cc bmi calculator,1,1.0
challan,1,1.0
change add to cart button text for woocommerce,1,1.0
charitable,1,1.0
chrome,1,1.0
civi framework,1,1.0
clickedu,1,1.0
clickwhale,1,1.0
clip_share_server,1,1.0
cm ad changer,1,1.0
cm answers,1,1.0
cncsoft-g2,1,1.0
cocotais-bot,1,1.0
code-server,1,1.0
codemeter,1,1.0
coinpayments.net payment gateway for woocommerce,1,1.0
color your bar,1,1.0
comerzzia backoffice: sales orchestrator,1,1.0
commerce alphabank redirect,1,1.0
commerce eurobank (redirect),1,1.0
commonmark,1,1.0
conda-forge-ci-setup-feedstock,1,1.0
confirm user registration,1,1.0
contact form 7 calendar,1,1.0
contact form 7 – paypal & stripe add-on,1,1.0
contact form widget,1,1.0
contact forms by cimatti,1,1.0
content control,1,1.0
contentstudio,1,1.0
contextual related posts,1,1.0
contribuinte checkout,1,1.0
control listings,1,1.0
cookiecode,1,1.0
cool author box,1,1.0
core-rs-albatross,1,1.0
coredns,1,1.0
cost calculator builder,1,1.0
cost calculator for elementor,1,1.0
cost of goods for woocommerce,1,1.0
coupons &amp; add to cart by url links for woocommerce,1,1.0
course builder,1,1.0
covermanager,1,1.0
covid-19 (coronavirus) update your customers,1,1.0
cozy blocks,1,1.0
cozystay,1,1.0
cpp-httplib,1,1.0
credova_financial,1,1.0
cronos,1,1.0
cryptocloud - crypto payment gateway,1,1.0
cs seo extension,1,1.0
cs5000 fire panel,1,1.0
css3 compare pricing tables for wordpress,1,1.0
curcy,1,1.0
cursor,1,1.0
custom checkout fields for woocommerce,1,1.0
custom functions plugin,1,1.0
custom login and registration,1,1.0
custom related posts,1,1.0
cvat,1,1.0
cyberdava,1,1.0
delucks seo,1,1.0
desktop,1,1.0
dicom viewer,1,1.0
dinorank,1,1.0
discourse-code-review,1,1.0
discourse-policy,1,1.0
display eventbrite events,1,1.0
display remote posts block,1,1.0
django,1,1.0
django-select2,1,1.0
docspress,1,1.0
document management system,1,1.0
dom,1,1.0
domainspro,1,1.0
dompurify,1,1.0
donetick,1,1.0
"dot html,php,xml etc pages",1,1.0
download alt text ai,1,1.0
download monitor,1,1.0
drag and drop file upload for elementor forms,1,1.0
drop caps,1,1.0
dropbear ssh,1,1.0
dropdown content,1,1.0
dumbdrop,1,1.0
dynamic pricing &amp; discounts lite for woocommerce,1,1.0
dynamic pricing and discount rules,1,1.0
dynamic pricing with discount rules for woocommerce,1,1.0
ean for woocommerce,1,1.0
easy guide,1,1.0
easy paypal buy now button,1,1.0
easy paypal events,1,1.0
easy replace image,1,1.0
easyme connect,1,1.0
ebook store,1,1.0
ec authorize.net,1,1.0
edx-platform,1,1.0
eg8141a5,1,1.0
ejson2env,1,1.0
elementinvader addons for elementor,1,1.0
elex product feed for woocommerce,1,1.0
elex wordpress helpdesk & customer ticketing system,1,1.0
eli's related posts footer links and widget,1,1.0
email notification on login,1,1.0
embed and integrate etsy shop,1,1.0
energy services,1,1.0
enhanced paypal shortcodes,1,1.0
envo extra,1,1.0
envoy,1,1.0
essential real estate,1,1.0
etracker,1,1.0
eu cookie compliance (gdpr compliance),1,1.0
everest backup,1,1.0
exclusive addons elementor,1,1.0
"experto cta widget &#8211; call to action, sticky cta, floating button plugin",1,1.0
external markdown,1,1.0
external-dns-management,1,1.0
f5os - appliance,1,1.0
fabio,1,1.0
facturante,1,1.0
falang multilanguage,1,1.0
fastapi-guard,1,1.0
fastgpt,1,1.0
fat services booking,1,1.0
fcgi,1,1.0
femanager extension,1,1.0
fess,1,1.0
fiber,1,1.0
flag,1,1.0
flags,1,1.0
flask,1,1.0
flickr shortcode importer,1,1.0
floating social bar,1,1.0
form maker by 10web,1,1.0
formidable,1,1.0
formulario de contacto salesup!,1,1.0
fortiportal,1,1.0
foxit esign for wordpress,1,1.0
fraudlabs pro for woocommerce,1,1.0
free shipping bar: amount left for free shipping for woocommerce,1,1.0
front end users,1,1.0
froxlor,1,1.0
funnelcockpit,1,1.0
gdpr ccpa compliance support,1,1.0
gestnet,1,1.0
getsimplecms-ce,1,1.0
gna search shortcode,1,1.0
go-gh,1,1.0
goodby-csv,1,1.0
google news,1,1.0
goshs,1,1.0
gosnowflake,1,1.0
gpt3 ai content writer,1,1.0
gradio,1,1.0
grandprix,1,1.0
graylog2-server,1,1.0
greenshift,1,1.0
grill and chow,1,1.0
gs variation swatches for woocommerce,1,1.0
gtdb guitar tuners,1,1.0
gutenberg & elementor templates importer for responsive,1,1.0
gutenkit,1,1.0
h5p-nodejs-library,1,1.0
hacklog remote attachment,1,1.0
hash form,1,1.0
hibernate validator,1,1.0
himmelblau,1,1.0
history log by click5,1,1.0
horilla,1,1.0
hotel booking,1,1.0
ht team member,1,1.0
html forms,1,1.0
hubble,1,1.0
hydra booking,1,1.0
i-filter,1,1.0
"icegram collect – easy form, lead collection and subscription plugin",1,1.0
icinga2,1,1.0
iframe remove filter,1,1.0
igit related posts with thumb image after posts,1,1.0
image hover effects for wpbakery page builder,1,1.0
image style hover,1,1.0
imagemagick,1,1.0
import export for woocommerce,1,1.0
import social events,1,1.0
incopy,1,1.0
infility global,1,1.0
infocob crm forms,1,1.0
inline related posts,1,1.0
inline text popup,1,1.0
insa-auth,1,1.0
inspector,1,1.0
instantio,1,1.0
integration for woocommerce and salesforce,1,1.0
integrations of zoho crm with elementor form,1,1.0
interactive regional map of africa,1,1.0
interactive regional map of florida,1,1.0
interactive uk regional map,1,1.0
interceptor,1,1.0
interview,1,1.0
inventree,1,1.0
invision power board,1,1.0
ip camera,1,1.0
iputils,1,1.0
itsm,1,1.0
izarc,1,1.0
jackson-core,1,1.0
japanized for woocommerce,1,1.0
java-springboot-codebase,1,1.0
jehc-bpm,1,1.0
jenkins dingtalk plugin,1,1.0
jenkins health advisor by cloudbees plugin,1,1.0
jenkins openid connect provider plugin,1,1.0
jenkins wso2 oauth plugin,1,1.0
jevents component for joomla,1,1.0
job board manager,1,1.0
jq,1,1.0
jruby-openssl,1,1.0
jupiterx core,1,1.0
k3s,1,1.0
kafka-ui,1,1.0
kanboard,1,1.0
karazal,1,1.0
keystone,1,1.0
khc-invitation-automation,1,1.0
kids planet,1,1.0
klaro cookie & consent management,1,1.0
koibox,1,1.0
konami easter egg,1,1.0
konsole,1,1.0
kro,1,1.0
kstats reloaded,1,1.0
kyverno,1,1.0
label-studio,1,1.0
ladybird,1,1.0
landing pages and domain aliases for wordpress,1,1.0
laravel-rest-api,1,1.0
laravel-translation-manager,1,1.0
lead form data collection to crm,1,1.0
leadinfo,1,1.0
legal pages,1,1.0
legal terms and conditions popup for user login and woocommerce checkout – tpul,1,1.0
lessbuttons social sharing and statistics,1,1.0
liboqs,1,1.0
librenms,1,1.0
libro de reclamaciones,1,1.0
libsql-sqlite3-parser,1,1.0
libtpms,1,1.0
libxmp,1,1.0
liebert rdu101,1,1.0
lightgallery,1,1.0
lila,1,1.0
link archer ax50,1,1.0
link library,1,1.0
list category posts,1,1.0
list last changes,1,1.0
listamester,1,1.0
listmonk,1,1.0
liveagent,1,1.0
llama-factory,1,1.0
loan calculator,1,1.0
locateandfilter,1,1.0
logo showcase,1,1.0
lovable,1,1.0
lsd custom taxonomy and category meta,1,1.0
m3m printer server web,1,1.0
mad mimi for wordpress,1,1.0
magty,1,1.0
magways,1,1.0
magze,1,1.0
mail mint,1,1.0
mailing group listserv,1,1.0
mapsvg lite,1,1.0
market exporter,1,1.0
martins free monetized ad exchange network,1,1.0
math,1,1.0
matrix-rust-sdk,1,1.0
mattermost,1,1.0
maxiblocks,1,1.0
maxkb,1,1.0
mc woocommerce wishlist,1,1.0
media hygiene,1,1.0
media library downloader,1,1.0
mediclinic,1,1.0
mega menu block,1,1.0
meks flexible shortcodes,1,1.0
membership for woocommerce,1,1.0
memory_pages,1,1.0
mendix oidc sso (mendix 10 compatible),1,1.0
mendix studio pro 10,1,1.0
meow gallery,1,1.0
message filter for contact form 7,1,1.0
meta keywords &amp; description,1,1.0
metalpriceapi,1,1.0
metazo,1,1.0
microsoft autoupdate for mac,1,1.0
microsoft dataverse,1,1.0
microsoft defender for endpoint for linux,1,1.0
microsoft edge (chromium-based) updater,1,1.0
microsoft power apps,1,1.0
microsoft visual studio 2022 version 17.12,1,1.0
milat jquery automatic popup,1,1.0
min max step quantity limits manager for woocommerce,1,1.0
mini twitter feed,1,1.0
miniorange discord integration,1,1.0
mixcloud embed,1,1.0
modern polls,1,1.0
modular-account,1,1.0
mojolicious::plugin::csrf,1,1.0
mollie forms,1,1.0
mortgage calculator estatik,1,1.0
motioneye,1,1.0
motors - events,1,1.0
mpl-publisher,1,1.0
mr. murphy,1,1.0
multi cryptocurrency payments,1,1.0
multi-column taxonomy list,1,1.0
music player for woocommerce,1,1.0
my custom widgets,1,1.0
mypro,1,1.0
mystyle custom product designer,1,1.0
n360 | splash screen,1,1.0
n8n,1,1.0
nasa core,1,1.0
navegg analytics,1,1.0
nekernel,1,1.0
nepali post date,1,1.0
net-tools,1,1.0
net::cidr::set,1,1.0
newspack newsletters,1,1.0
next.js,1,1.0
ngg smart image search,1,1.0
no boss calendar component for joomla,1,1.0
nomupay payment processing gateway,1,1.0
nosto,1,1.0
nosurf,1,1.0
nuance digital engagement platform,1,1.0
o2,1,1.0
ocean extra,1,1.0
oembed providers,1,1.0
office online server,1,1.0
oik,1,1.0
opa,1,1.0
opal woo custom product variation,1,1.0
open close woocommerce store,1,1.0
opendcim,1,1.0
openmrs-module-fhir2,1,1.0
openpgpjs,1,1.0
openplc,1,1.0
openssl-feedstock,1,1.0
openvm,1,1.0
otp,1,1.0
ovation elements,1,1.0
panloader.exe,1,1.0
paypal express checkout,1,1.0
pays – woocommerce payment gateway,1,1.0
pc time tracer,1,1.0
pcsx2,1,1.0
pdf for wpforms,1,1.0
pdf invoices for woocommerce + drag and drop template builder,1,1.0
peadig’s google +1 button,1,1.0
peekaboo,1,1.0
perl,1,1.0
persian woocommerce sms,1,1.0
personal weather station dashboard,1,1.0
pgina.fork,1,1.0
pgjdbc,1,1.0
pgpool-ii,1,1.0
phoenix cms,1,1.0
photo gallery - gt3 image gallery & gutenberg block gallery,1,1.0
photography,1,1.0
phpdvdprofiler,1,1.0
picklescan,1,1.0
pix 4x sem juros - pagaleve,1,1.0
plane,1,1.0
plugin central,1,1.0
pnetlab,1,1.0
poeditor,1,1.0
poll maker,1,1.0
popup builder,1,1.0
portal server,1,1.0
post in page for elementor,1,1.0
power automate for desktop,1,1.0
powerpress podcasting,1,1.0
print invoice & delivery notes for woocommerce,1,1.0
print science designer,1,1.0
process-sync-rs,1,1.0
processlock,1,1.0
product catalog simple,1,1.0
product code for woocommerce,1,1.0
product feed for woocommerce,1,1.0
product notes tab & private admin notes for woocommerce,1,1.0
product quantity dropdown for woocommerce,1,1.0
product time countdown for woocommerce,1,1.0
productive commerce,1,1.0
profile builder,1,1.0
proget,1,1.0
progress bar,1,1.0
project-ai,1,1.0
projectopia,1,1.0
psw front-end login &amp; registration,1,1.0
publish,1,1.0
publishpress authors,1,1.0
push notification for mobile and web app,1,1.0
pw woocommerce bulk edit,1,1.0
python-markdownify,1,1.0
python-progrrames,1,1.0
qs dark mode,1,1.0
quick contact form,1,1.0
quickcab,1,1.0
quran multilanguage text & audio,1,1.0
rack-session,1,1.0
radashi,1,1.0
ragflow,1,1.0
rallly,1,1.0
raphicon,1,1.0
raychat,1,1.0
real easy store,1,1.0
really simple under construction page,1,1.0
recaptcha for all,1,1.0
red hat enterprise linux 8,1,1.0
redi restaurant reservation,1,1.0
reint downloadmanager extension,1,1.0
related posts via taxonomies,1,1.0
responsive plus,1,1.0
restrict route by ip,1,1.0
retool,1,1.0
revolution pi pictory,1,1.0
robo gallery,1,1.0
rootspersona,1,1.0
rrssb,1,1.0
rsvpmarker,1,1.0
rtmkit addons for elementor,1,1.0
ruggedcom rox mx5000,1,1.0
s-sft,1,1.0
salon booking system,1,1.0
samlify,1,1.0
scsir,1,1.0
scss-library,1,1.0
sdk,1,1.0
search with typesense,1,1.0
sel-3350-1,1,1.0
sel-5030 acselerator quickset software,1,1.0
sel-5033 acselerator rtac software,1,1.0
sel-5037 grid configurator,1,1.0
send from,1,1.0
sendpulse email marketing newsletter,1,1.0
seo flow by lupsonline,1,1.0
sepa girocode,1,1.0
seriously simple podcasting,1,1.0
setuptools,1,1.0
seur oficial,1,1.0
seznam webmaster,1,1.0
sharespine woocommerce connector,1,1.0
shayanweb admin fontchanger,1,1.0
shiftnav – responsive mobile menu,1,1.0
shortcodes ultimate,1,1.0
shortlinks by pretty links,1,1.0
shortlinks pro,1,1.0
show all comments,1,1.0
sidebar manager light,1,1.0
simatic pcs neo v4.1,1,1.0
simple blog stats,1,1.0
simple download counter,1,1.0
simple file list,1,1.0
simple giveaways,1,1.0
simple google photos grid,1,1.0
simple membership,1,1.0
simple nested menu,1,1.0
sina extension for elementor,1,1.0
single content sync,1,1.0
sirv,1,1.0
sitewide discount for woocommerce: apply discount to all products,1,1.0
skt blocks,1,1.0
skt blocks – gutenberg based page builder,1,1.0
skt skill bar,1,1.0
sky addons for elementor,1,1.0
skyvern,1,1.0
sma1000,1,1.0
smaily for wp,1,1.0
smart hashtags [#hashtagger],1,1.0
sms alert order notifications – woocommerce,1,1.0
snipe-it,1,1.0
snowflake odbc,1,1.0
snowflake-connector-net,1,1.0
snowflake-connector-nodejs,1,1.0
soccer live scores,1,1.0
social counter,1,1.0
solace extra,1,1.0
spice blocks,1,1.0
spicedb,1,1.0
spiraclethemes site library,1,1.0
spotipy,1,1.0
staggs,1,1.0
stirling-pdf,1,1.0
stock locations for woocommerce,1,1.0
storekeeper for woocommerce,1,1.0
styleai,1,1.0
subaccounts for woocommerce,1,1.0
submission dom tracking for contact form 7,1,1.0
substance3d - painter,1,1.0
sulu,1,1.0
summaly,1,1.0
supertext translation and proofreading,1,1.0
suse linux enterprise micro 5.3,1,1.0
sweet dessert,1,1.0
syntax-markdown,1,1.0
tabs,1,1.0
tainacan,1,1.0
tar-fs,1,1.0
tayori form,1,1.0
terraform-provider-windns,1,1.0
testimonials showcase,1,1.0
textmetrics,1,1.0
the events calendar,1,1.0
the events calendar countdown addon,1,1.0
the pack elementor addons,1,1.0
the plus addons for elementor page builder lite,1,1.0
themarketer,1,1.0
theme blvd sliders,1,1.0
theme switcha,1,1.0
ti woocommerce wishlist,1,1.0
time based greeting,1,1.0
time clock,1,1.0
toolhive,1,1.0
tooltip,1,1.0
top 10,1,1.0
tornado,1,1.0
tourmaster,1,1.0
trackship for woocommerce,1,1.0
traefik,1,1.0
trailer,1,1.0
trinity audio,1,1.0
trix,1,1.0
trixie,1,1.0
truebooker,1,1.0
twitter card generator,1,1.0
ultimate member,1,1.0
ultraaddons elementor lite,1,1.0
umbraco.forms.issues,1,1.0
uncanny automator,1,1.0
uncanny toolkit for learndash,1,1.0
undici,1,1.0
unsafe mimetypes,1,1.0
updatenavi,1,1.0
url rewrite analyzer,1,1.0
user login history,1,1.0
user meta,1,1.0
user profile meta manager,1,1.0
ux,1,1.0
validatecertify,1,1.0
valkey,1,1.0
valtimo-backend-libraries,1,1.0
varnish cache,1,1.0
vasaio qr code,1,1.0
vform,1,1.0
video embeds,1,1.0
video player & fullscreen video background,1,1.0
vikrestaurants table reservations and take-away,1,1.0
visual builder,1,1.0
visual header,1,1.0
vite,1,1.0
wasp,1,1.0
watu quiz,1,1.0
wbcom designs - activity link preview for buddypress,1,1.0
wc affiliate,1,1.0
wc myparcel belgium,1,1.0
wc vendors marketplace,1,1.0
web accessibility with max access,1,1.0
web3press,1,1.0
webhotelier,1,1.0
webinarpress,1,1.0
webmail,1,1.0
wegia,1,1.0
welcart e-commerce,1,1.0
wemail,1,1.0
weos,1,1.0
wgp,1,1.0
widget countdown,1,1.0
widgetkit,1,1.0
wiki embed,1,1.0
wilderforge,1,1.0
windows 11 version 22h2,1,1.0
windows sdk,1,1.0
windows security app,1,1.0
wishlist,1,1.0
wishlist for woocommerce,1,1.0
wivia 5,1,1.0
woo slider pro,1,1.0
woocommerce orders & customers exporter,1,1.0
woocommerce pos,1,1.0
wordpress auto spinner,1,1.0
wordpress events calendar registration & tickets,1,1.0
wordpress social login and register,1,1.0
wowhead tooltips,1,1.0
wp avcl automation helper (formerly wpflyleads),1,1.0
wp compress,1,1.0
wp cookie consent,1,1.0
"wp cookie notice for gdpr, ccpa & eprivacy consent",1,1.0
wp custom cms block,1,1.0
wp custom post popup,1,1.0
wp discord invite,1,1.0
wp dpe-ges,1,1.0
wp easy allopass,1,1.0
wp event manager,1,1.0
wp filter post category,1,1.0
wp front user submit / front editor,1,1.0
wp fundraising donation and crowdfunding platform,1,1.0
wp gravity forms dynamics crm,1,1.0
wp gravity forms zendesk,1,1.0
wp hotel booking,1,1.0
wp hrm lite,1,1.0
wp image mask,1,1.0
wp jquery datatable,1,1.0
wp maintenance,1,1.0
wp maintenance mode & site under construction,1,1.0
wp mapa politico españa,1,1.0
wp multilang,1,1.0
wp notes widget,1,1.0
wp page loading,1,1.0
wp podcasts manager,1,1.0
wp quiz,1,1.0
wp security master,1,1.0
wp smart import,1,1.0
wp social widget,1,1.0
wp table builder,1,1.0
wp tabs,1,1.0
wp text expander,1,1.0
wp time slots booking form,1,1.0
wp tools,1,1.0
wp travel engine,1,1.0
wp-recall,1,1.0
wp-recaptcha-bp,1,1.0
wpbakery visual composer whmcs elements,1,1.0
wpbot pro wordpress chatbot,1,1.0
wpfunnels,1,1.0
wpspeed,1,1.0
wptouch,1,1.0
wpvn,1,1.0
wpzon – amazon affiliate plugin,1,1.0
ws force login page,1,1.0
x addons for elementor,1,1.0
xili-tidy-tags,1,1.0
xpert tab,1,1.0
xpro addons for beaver builder &#8211; lite,1,1.0
xt event widget for social events,1,1.0
yaml::libyaml,1,1.0
yaysmtp,1,1.0
year make model search for woocommerce,1,1.0
yii2-redis,1,1.0
z2d,1,1.0
zalo official live chat,1,1.0
zkbio cvsecurity,1,1.0
zoho creator forms,1,1.0
zoomsounds,1,1.0
zot,1,1.0
zulip,1,1.0
워드프레스 결제 심플페이,1,1.0
